epoch,train_loss,val_loss
1,3.006300999628787,2.3690289167257457
2,2.385932721839046,2.25671556362739
3,2.2005649497177426,2.241930154653696
