epoch,train_loss,val_loss
1,4.226976250347338,3.084906986781529
2,3.2839304271497225,2.9328455924987793
3,3.1648218255294,2.905618258884975
